"EMAIL","NOM","PRENOMS","MATRICULE","DATE_SOUSCRIPTION","DATE_EXPIRATION_SOUSCRIPTION","SEXE","DATE_NAISSANCE","LIEU_NAISSANCE","NUMERO_PERMIS","NUMERO_PIECE","TYPE_PIECE","PAYS","VILLE","COMMUNE","MOBILE","TELEPHONE","PHOTO","TITRE"
"","BOKA","N'TAKPE JULES","SY1202300001","","","H","","","2541145588555","CI0012144458847","CNI","Côte d’Ivoire","","","","","image00001.jpg","Secrétaire général"
"","OUATTARA","NOGOLOURGO JONAS","SY1202300002","","","H","","","2541145588555","CI0012144458847","CNI","Côte d’Ivoire","","","","","image00002.jpg","SN au contrôle informatique"
"","KENIN","LEONTINE","SY1202300003","","",F,"","","2541145588555","CI0012144458847","CNI","Côte d’Ivoire","","","","","image00003.jpg","SN aux finances"
"","TAUH","BOSSEYE UFRANC","SY1202300004","","","H","","","2541145588555","CI0012144458847","CNI","Côte d’Ivoire","","","","","image00004.png","SN à l’administration "
"","BOGA","OZIDJE GUY CHARLES","SY1202300005","","","H","","","2541145588555","CI0012144458847","CNI","Côte d’Ivoire","","","","","image00005.jpg","Secrétaire général adjoint"
"","BREDOUMOU","AGNIMOU KEVIN","SY1202300006","","","H","","","2541145588555","CI0012144458847","CNI","Côte d’Ivoire","","","","","image00006.jpg","SN à l’organisation"
"","AGBRI","KRASSO ROBERT","SY1202300007","","","H","","","2541145588555","CI0012144458847","CNI","Côte d’Ivoire","","","","","image00007.jpg","SN à la communication"
"","TOURE","GUE JEAN-CHARLES","SY1202300008","","","H","","","2541145588555","CI0012144458847","CNI","Côte d’Ivoire","","","","","image00008.jpg","SN à la formation"
"","FOFANA","TAIGBA ABRAHAM","SY1202300009","","","H","","","2541145588555","CI0012144458847","CNI","Côte d’Ivoire","","","","","image00009.jpg","SN chargé  des applications "
"","N'GBO","AKOUASSI BERNADETTE","SY1202300010","","",F,"","","2541145588555","CI0012144458847","CNI","Côte d’Ivoire","","","","","image00010.jpg","SN Adjointe aux finances"
"anguidev@gmail.com","ANGUI","KOUASSI KRA HERMANN","SY1202300011","","","H","","","2541145588555",CI0012144458847,"CNI","Côte d’Ivoire","","","","","image00011.jpg","Consultant informatique"
